Intercept,Slope
0.29222369342042603,0.5090416684365269
