Intercept,First Parameter(L),Second Parameter (A)
0.3164564376720522,0.5162365006876973,0.030544037949101703
